restaurant_name,orders,delayed,delay_rate,delay_rate_ci_low,delay_rate_ci_high,pooled_delay_rate,ks_distance_stat,ks_distance_p_value,size_chi2,size_p_value,type_chi2,type_p_value,verdict
Domino's,212,62,0.2924528302,0.2312186717,0.3536869887,0.2091633466,0.2742281304,0.0,317.8964659283,0.0,269.560305278,0.0,review_brand_difference
Little Caesars,199,45,0.2261306533,0.1680083155,0.284252991,0.2091633466,0.3379131683,0.0,102.5530575241,0.0,57.0674256594,0.0,review_brand_difference
Marco's Pizza,195,36,0.1846153846,0.1301583527,0.2390724165,0.2091633466,0.3385693005,0.0,29.2460086068,4.46e-07,194.439374461,0.0,review_brand_difference
Papa John's,204,26,0.1274509804,0.0816887171,0.1732132437,0.2091633466,0.1971078431,5.1967e-06,83.2297798663,0.0,309.4856151724,0.0,review_brand_difference
Pizza Hut,194,41,0.2113402062,0.1538900624,0.26879035,0.2091633466,0.1839124348,4.14282e-05,82.1198929522,0.0,60.9348947084,0.0,review_brand_difference
