order_hour,count,delayed,delay_rate
20,306,109,0.3562091503267974
21,3,1,0.3333333333333333
19,328,88,0.2682926829268293
17,4,1,0.25
18,312,11,0.035256410256410256
14,6,0,0.0
12,2,0,0.0
13,43,0,0.0
