pizza_size,count,delayed,delay_rate
XL,203,84,0.41379310344827586
Large,240,85,0.3541666666666667
Medium,429,39,0.09090909090909091
Small,132,2,0.015151515151515152
