payment_method,count,delayed,delay_rate
Hut Points,24,24,1.0
Card,276,91,0.32971014492753625
Domino's Cash,23,7,0.30434782608695654
Wallet,208,52,0.25
Cash,202,27,0.13366336633663367
UPI,271,9,0.033210332103321034
