traffic_level,count,delayed,delay_rate
High,328,165,0.5030487804878049
Medium,398,44,0.11055276381909548
Low,278,1,0.0035971223021582736
