restaurant_name,count,delayed,delay_rate
Domino's,212,62,0.29245283018867924
Little Caesars,199,45,0.22613065326633167
Pizza Hut,194,41,0.211340206185567
Marco's Pizza,195,36,0.18461538461538463
Papa John's,204,26,0.12745098039215685
