delivery_duration_min,orders,delayed,delay_rate,avg_distance_km,avg_estimated_duration_min,avg_delay_min,on_time,minutes_over_30_boundary
15,1,0,0.0,2.5,6.0,9.0,1,-15
20,233,0,0.0,2.95279,7.086695,12.913305,233,-10
25,123,0,0.0,3.720325,8.92878,16.07122,123,-5
30,437,0,0.0,5.002517,12.006041,17.993959,437,0
35,44,44,1.0,5.520455,13.249091,21.750909,0,5
40,92,92,1.0,7.566304,18.15913,21.84087,0,10
45,34,34,1.0,8.682353,20.837647,24.162353,0,15
50,40,40,1.0,9.925,23.82,26.18,0,20
