model,accuracy,balanced_accuracy,precision,recall,f1,f2,mcc,roc_auc,tn,fp,fn,tp,split,threshold,threshold_source
default_0_5,0.970149,0.963612,0.909091,0.952381,0.930233,0.943396,0.911657,0.99416,155,4,2,40,dev,0.5,fixed_default_threshold
dev_best_f1,0.970149,0.963612,0.909091,0.952381,0.930233,0.943396,0.911657,0.99416,155,4,2,40,dev,0.44,best_f1_on_dev
dev_best_f2,0.940299,0.962264,0.777778,1.0,0.875,0.945946,0.847984,0.99416,147,12,0,42,dev,0.156866,best_f2_on_dev
dev_best_f3,0.940299,0.962264,0.777778,1.0,0.875,0.945946,0.847984,0.99416,147,12,0,42,dev,0.156866,best_f3_on_dev
default_0_5,0.960199,0.966083,0.854167,0.97619,0.911111,0.949074,0.888894,0.996107,152,7,1,41,test,0.5,fixed_default_threshold
dev_best_f1,0.950249,0.959793,0.82,0.97619,0.891304,0.940367,0.864853,0.996107,150,9,1,41,test,0.44,best_f1_on_dev
dev_best_f2,0.890547,0.930818,0.65625,1.0,0.792453,0.905172,0.751963,0.996107,137,22,0,42,test,0.156866,best_f2_on_dev
dev_best_f3,0.890547,0.930818,0.65625,1.0,0.792453,0.905172,0.751963,0.996107,137,22,0,42,test,0.156866,best_f3_on_dev
