param_C,mean_test_f2,std_test_f2
0.3,0.9436622458712579,0.03751714250088639
3.0,0.9387415310187539,0.032257463493806884
1.0,0.9387415310187539,0.032257463493806884
0.1,0.9367656507162607,0.042912924407313854
10.0,0.9337335320677967,0.03328936722313076
