{
  "selection_metric": "f2",
  "active_feature_set": "compact_nonredundant",
  "active_feature_columns": [
    "toppings_count",
    "distance_km",
    "order_hour",
    "pizza_size_score",
    "restaurant_name",
    "location",
    "pizza_type",
    "traffic_level",
    "payment_category",
    "is_peak_hour",
    "is_weekend",
    "order_month"
  ],
  "best_model": "Logistic Regression",
  "train_rows": 602,
  "dev_rows": 201,
  "test_rows": 201,
  "test_metrics": {
    "model": "Logistic Regression",
    "accuracy": 0.9601990049751243,
    "balanced_accuracy": 0.9660826594788858,
    "precision": 0.8541666666666666,
    "recall": 0.9761904761904762,
    "f1": 0.9111111111111111,
    "f2": 0.9490740740740741,
    "mcc": 0.888893671646048,
    "roc_auc": 0.9961066187481282,
    "tn": 152,
    "fp": 7,
    "fn": 1,
    "tp": 41
  },
  "cv_metrics_top": {
    "model": "Decision Tree",
    "cv_folds": 5,
    "f2_mean": 0.9432041537588901,
    "f2_std": 0.02164054795004414,
    "balanced_accuracy_mean": 0.9636980431848853,
    "balanced_accuracy_std": 0.01295311847905127,
    "mcc_mean": 0.9135713324346784,
    "mcc_std": 0.018216460838051323,
    "roc_auc_mean": 0.975529217273954,
    "roc_auc_std": 0.01679169851047173
  },
  "test_bootstrap_ci": [
    {
      "metric": "f2",
      "point_estimate": 0.9491,
      "ci_low_2_5": 0.8955,
      "ci_high_97_5": 0.9859,
      "bootstrap_std": 0.0229,
      "n_boot": 2000
    },
    {
      "metric": "balanced_accuracy",
      "point_estimate": 0.9661,
      "ci_low_2_5": 0.9329,
      "ci_high_97_5": 0.9904,
      "bootstrap_std": 0.0145,
      "n_boot": 2000
    },
    {
      "metric": "mcc",
      "point_estimate": 0.8889,
      "ci_low_2_5": 0.8083,
      "ci_high_97_5": 0.9583,
      "bootstrap_std": 0.0381,
      "n_boot": 2000
    },
    {
      "metric": "recall",
      "point_estimate": 0.9762,
      "ci_low_2_5": 0.9189,
      "ci_high_97_5": 1.0,
      "bootstrap_std": 0.0235,
      "n_boot": 2000
    }
  ],
  "fbeta_threshold_best": [
    {
      "beta": 1.0,
      "threshold": 0.44,
      "precision": 0.9090909090909091,
      "recall": 0.9523809523809523,
      "fbeta_score": 0.9302325581395349,
      "f1": 0.9302325581395349,
      "accuracy": 0.9701492537313433,
      "balanced_accuracy": 0.9636118598382749,
      "mcc": 0.9116572201884716,
      "predicted_delayed_rate": 0.21890547263681592,
      "tn": 155,
      "fp": 4,
      "fn": 2,
      "tp": 40,
      "is_best_for_beta": true,
      "operating_goal": "balance_precision_recall"
    },
    {
      "beta": 2.0,
      "threshold": 0.15686593740794394,
      "precision": 0.7777777777777778,
      "recall": 1.0,
      "fbeta_score": 0.9459459459459459,
      "f1": 0.875,
      "accuracy": 0.9402985074626866,
      "balanced_accuracy": 0.9622641509433962,
      "mcc": 0.8479844150302362,
      "predicted_delayed_rate": 0.26865671641791045,
      "tn": 147,
      "fp": 12,
      "fn": 0,
      "tp": 42,
      "is_best_for_beta": true,
      "operating_goal": "coursework_policy_prioritize_recall"
    },
    {
      "beta": 3.0,
      "threshold": 0.15686593740794394,
      "precision": 0.7777777777777778,
      "recall": 1.0,
      "fbeta_score": 0.9722222222222222,
      "f1": 0.875,
      "accuracy": 0.9402985074626866,
      "balanced_accuracy": 0.9622641509433962,
      "mcc": 0.8479844150302362,
      "predicted_delayed_rate": 0.26865671641791045,
      "tn": 147,
      "fp": 12,
      "fn": 0,
      "tp": 42,
      "is_best_for_beta": true,
      "operating_goal": "high_recall_stress_test"
    }
  ],
  "fbeta_threshold_policy_transfer": [
    {
      "model": "default_0_5",
      "accuracy": 0.9701492537313433,
      "balanced_accuracy": 0.9636118598382749,
      "precision": 0.9090909090909091,
      "recall": 0.9523809523809523,
      "f1": 0.9302325581395349,
      "f2": 0.9433962264150944,
      "mcc": 0.9116572201884716,
      "roc_auc": 0.9941599281221922,
      "tn": 155,
      "fp": 4,
      "fn": 2,
      "tp": 40,
      "split": "dev",
      "threshold": 0.5,
      "threshold_source": "fixed_default_threshold"
    },
    {
      "model": "dev_best_f1",
      "accuracy": 0.9701492537313433,
      "balanced_accuracy": 0.9636118598382749,
      "precision": 0.9090909090909091,
      "recall": 0.9523809523809523,
      "f1": 0.9302325581395349,
      "f2": 0.9433962264150944,
      "mcc": 0.9116572201884716,
      "roc_auc": 0.9941599281221922,
      "tn": 155,
      "fp": 4,
      "fn": 2,
      "tp": 40,
      "split": "dev",
      "threshold": 0.44,
      "threshold_source": "best_f1_on_dev"
    },
    {
      "model": "dev_best_f2",
      "accuracy": 0.9402985074626866,
      "balanced_accuracy": 0.9622641509433962,
      "precision": 0.7777777777777778,
      "recall": 1.0,
      "f1": 0.875,
      "f2": 0.9459459459459459,
      "mcc": 0.8479844150302362,
      "roc_auc": 0.9941599281221922,
      "tn": 147,
      "fp": 12,
      "fn": 0,
      "tp": 42,
      "split": "dev",
      "threshold": 0.15686593740794394,
      "threshold_source": "best_f2_on_dev"
    },
    {
      "model": "dev_best_f3",
      "accuracy": 0.9402985074626866,
      "balanced_accuracy": 0.9622641509433962,
      "precision": 0.7777777777777778,
      "recall": 1.0,
      "f1": 0.875,
      "f2": 0.9459459459459459,
      "mcc": 0.8479844150302362,
      "roc_auc": 0.9941599281221922,
      "tn": 147,
      "fp": 12,
      "fn": 0,
      "tp": 42,
      "split": "dev",
      "threshold": 0.15686593740794394,
      "threshold_source": "best_f3_on_dev"
    },
    {
      "model": "default_0_5",
      "accuracy": 0.9601990049751243,
      "balanced_accuracy": 0.9660826594788858,
      "precision": 0.8541666666666666,
      "recall": 0.9761904761904762,
      "f1": 0.9111111111111111,
      "f2": 0.9490740740740741,
      "mcc": 0.888893671646048,
      "roc_auc": 0.9961066187481282,
      "tn": 152,
      "fp": 7,
      "fn": 1,
      "tp": 41,
      "split": "test",
      "threshold": 0.5,
      "threshold_source": "fixed_default_threshold"
    },
    {
      "model": "dev_best_f1",
      "accuracy": 0.9502487562189055,
      "balanced_accuracy": 0.9597933513027852,
      "precision": 0.82,
      "recall": 0.9761904761904762,
      "f1": 0.8913043478260869,
      "f2": 0.9403669724770642,
      "mcc": 0.8648532349327352,
      "roc_auc": 0.9961066187481282,
      "tn": 150,
      "fp": 9,
      "fn": 1,
      "tp": 41,
      "split": "test",
      "threshold": 0.44,
      "threshold_source": "best_f1_on_dev"
    },
    {
      "model": "dev_best_f2",
      "accuracy": 0.8905472636815921,
      "balanced_accuracy": 0.9308176100628931,
      "precision": 0.65625,
      "recall": 1.0,
      "f1": 0.7924528301886793,
      "f2": 0.9051724137931034,
      "mcc": 0.7519628403103089,
      "roc_auc": 0.9961066187481282,
      "tn": 137,
      "fp": 22,
      "fn": 0,
      "tp": 42,
      "split": "test",
      "threshold": 0.15686593740794394,
      "threshold_source": "best_f2_on_dev"
    },
    {
      "model": "dev_best_f3",
      "accuracy": 0.8905472636815921,
      "balanced_accuracy": 0.9308176100628931,
      "precision": 0.65625,
      "recall": 1.0,
      "f1": 0.7924528301886793,
      "f2": 0.9051724137931034,
      "mcc": 0.7519628403103089,
      "roc_auc": 0.9961066187481282,
      "tn": 137,
      "fp": 22,
      "fn": 0,
      "tp": 42,
      "split": "test",
      "threshold": 0.15686593740794394,
      "threshold_source": "best_f3_on_dev"
    }
  ],
  "stability_audit": {
    "audit_scope": "train_dev_pool_only_no_test",
    "model_family": "Logistic Regression",
    "n_runs": 100,
    "threshold": 0.5,
    "param_C": 1.0,
    "metrics": {
      "f2": {
        "mean": 0.941895,
        "std": 0.027908,
        "min": 0.841584,
        "p05": 0.88921,
        "p50": 0.947867,
        "p95": 0.97695,
        "max": 0.990566
      },
      "balanced_accuracy": {
        "mean": 0.962978,
        "std": 0.017125,
        "min": 0.904762,