metric,mean,std,min,p05,p50,p95,max
f2,0.941895,0.027908,0.841584,0.88921,0.947867,0.97695,0.990566
balanced_accuracy,0.962978,0.017125,0.904762,0.930885,0.96642,0.985108,0.993711
mcc,0.916129,0.02897,0.849506,0.868664,0.920655,0.956934,0.984931
recall,0.948095,0.035536,0.809524,0.880952,0.952381,1.0,1.0
precision,0.920565,0.036677,0.82,0.854167,0.925915,0.97561,1.0
roc_auc,0.995181,0.003017,0.983378,0.98996,0.995657,0.998967,0.999551
