{
  "audit_scope": "train_dev_pool_only_no_test",
  "model_family": "Logistic Regression",
  "n_runs": 100,
  "threshold": 0.5,
  "param_C": 1.0,
  "metrics": {
    "f2": {
      "mean": 0.941895,
      "std": 0.027908,
      "min": 0.841584,
      "p05": 0.88921,
      "p50": 0.947867,
      "p95": 0.97695,
      "max": 0.990566
    },
    "balanced_accuracy": {
      "mean": 0.962978,
      "std": 0.017125,
      "min": 0.904762,
      "p05": 0.930885,
      "p50": 0.96642,
      "p95": 0.985108,
      "max": 0.993711
    },
    "mcc": {
      "mean": 0.916129,
      "std": 0.02897,
      "min": 0.849506,
      "p05": 0.868664,
      "p50": 0.920655,
      "p95": 0.956934,
      "max": 0.984931
    },
    "recall": {
      "mean": 0.948095,
      "std": 0.035536,
      "min": 0.809524,
      "p05": 0.880952,
      "p50": 0.952381,
      "p95": 1.0,
      "max": 1.0
    },
    "precision": {
      "mean": 0.920565,
      "std": 0.036677,
      "min": 0.82,
      "p05": 0.854167,
      "p50": 0.925915,
      "p95": 0.97561,
      "max": 1.0
    },
    "roc_auc": {
      "mean": 0.995181,
      "std": 0.003017,
      "min": 0.983378,
      "p05": 0.98996,
      "p50": 0.995657,
      "p95": 0.998967,
      "max": 0.999551
    }
  }
}