restaurant_name,orders,Large,Medium,Small,XL
Domino's,212,0.754717,0.221698,0.009434,0.014151
Little Caesars,199,0.0,0.231156,0.21608,0.552764
Marco's Pizza,195,0.184615,0.728205,0.087179,0.0
Papa John's,204,0.127451,0.632353,0.230392,0.009804
Pizza Hut,194,0.092784,0.335052,0.118557,0.453608
