restaurant_name,orders,BBQ Chicken,Cheese Burst,Deep Dish,Gluten-Free,Margarita,Non-Veg,Sicilian,Stuffed Crust,Thai Chicken,Thin Crust,Veg,Vegan
Domino's,212,0.0,0.04717,0.009434,0.018868,0.0,0.113208,0.278302,0.0,0.014151,0.009434,0.5,0.009434
Little Caesars,199,0.0,0.467337,0.0,0.0,0.0,0.236181,0.005025,0.065327,0.005025,0.0,0.0,0.221106
Marco's Pizza,195,0.0,0.0,0.0,0.0,0.276923,0.451282,0.005128,0.0,0.102564,0.0,0.082051,0.082051
Papa John's,204,0.264706,0.009804,0.019608,0.181373,0.0,0.20098,0.014706,0.0,0.0,0.0,0.078431,0.230392
Pizza Hut,194,0.0,0.427835,0.0,0.0,0.0,0.082474,0.0,0.041237,0.0,0.0,0.329897,0.118557
